{
  "templates": [
    {
      "name": "ExampleCustomRouteType",
      "fields": [
        {
          "name": "headline",
          "type": "Single-Line Text"
        },
        {
          "name": "author",
          "type": "Single-Line Text"
        },
        {
          "name": "content",
          "type": "Rich Text"
        }
      ],
      "route": true,
      "defaultRoute": false,
      "allFields": [
        {
          "name": "headline",
          "type": "Single-Line Text"
        },
        {
          "name": "author",
          "type": "Single-Line Text"
        },
        {
          "name": "content",
          "type": "Rich Text"
        }
      ]
    },
    {
      "name": "Page",
      "displayName": "Page",
      "fields": [
        {
          "name": "pageTitle",
          "displayName": "Page Title",
          "section": "Page Metadata",
          "type": "Single-Line Text"
        }
      ],
      "insertOptions": [
        "Page"
      ],
      "route": false,
      "defaultRoute": true
    },
    {
      "name": "Styleguide-ContentList-Item-Template",
      "fields": [
        {
          "name": "textField",
          "type": "Single-Line Text"
        }
      ],
      "route": false,
      "defaultRoute": false,
      "allFields": [
        {
          "name": "textField",
          "type": "Single-Line Text"
        }
      ]
    },
    {
      "name": "Styleguide-Explanatory-Component",
      "id": "styleguide-explanatory-component-template",
      "fields": [
        {
          "name": "heading",
          "type": "Single-Line Text"
        },
        {
          "name": "description",
          "type": "Rich Text"
        }
      ],
      "route": false,
      "defaultRoute": false
    },
    {
      "name": "Styleguide-ItemLink-Item-Template",
      "fields": [
        {
          "name": "textField",
          "type": "Single-Line Text"
        }
      ],
      "route": false,
      "defaultRoute": false,
      "allFields": [
        {
          "name": "textField",
          "type": "Single-Line Text"
        }
      ]
    },
    {
      "name": "ContentBlock",
      "icon": "Office/16x16/document_tag.png",
      "fields": [
        {
          "name": "heading",
          "type": "Single-Line Text"
        },
        {
          "name": "content",
          "type": "Rich Text"
        }
      ],
      "allFields": [
        {
          "name": "heading",
          "type": "Single-Line Text"
        },
        {
          "name": "content",
          "type": "Rich Text"
        }
      ]
    },
    {
      "name": "Styleguide-FieldUsage-Checkbox",
      "icon": "Office/16x16/checkbox_selected.png",
      "fields": [
        {
          "name": "checkbox",
          "type": "Checkbox"
        },
        {
          "name": "checkbox2",
          "type": "Checkbox"
        }
      ],
      "inherits": [
        "styleguide-explanatory-component-template"
      ],
      "allFields": [
        {
          "name": "checkbox",
          "type": "Checkbox"
        },
        {
          "name": "checkbox2",
          "type": "Checkbox"
        }
      ]
    },
    {
      "name": "Styleguide-FieldUsage-ContentList",
      "icon": "Office/16x16/list_style_numbered.png",
      "fields": [
        {
          "name": "sharedContentList",
          "type": "Treelist",
          "source": "dataSource=/sitecore/content/nextjs-ssg/Content/Styleguide/ContentListField"
        },
        {
          "name": "localContentList",
          "type": "Treelist"
        }
      ],
      "inherits": [
        "styleguide-explanatory-component-template"
      ],
      "allFields": [
        {
          "name": "sharedContentList",
          "type": "Treelist",
          "source": "dataSource=/sitecore/content/nextjs-ssg/Content/Styleguide/ContentListField"
        },
        {
          "name": "localContentList",
          "type": "Treelist"
        }
      ]
    },
    {
      "name": "Styleguide-FieldUsage-Custom",
      "icon": "Office/16x16/gearwheel.png",
      "fields": [
        {
          "name": "customIntField",
          "type": "Integer"
        }
      ],
      "inherits": [
        "styleguide-explanatory-component-template"
      ],
      "allFields": [
        {
          "name": "customIntField",
          "type": "Integer"
        }
      ]
    },
    {
      "name": "Styleguide-FieldUsage-Date",
      "icon": "Office/16x16/clock.png",
      "fields": [
        {
          "name": "date",
          "type": "Date"
        },
        {
          "name": "dateTime",
          "type": "Datetime"
        }
      ],
      "inherits": [
        "styleguide-explanatory-component-template"
      ],
      "allFields": [
        {
          "name": "date",
          "type": "Date"
        },
        {
          "name": "dateTime",
          "type": "Datetime"
        }
      ]
    },
    {
      "name": "Styleguide-FieldUsage-File",
      "icon": "Office/16x16/floppy_disk.png",
      "fields": [
        {
          "name": "file",
          "type": "File"
        }
      ],
      "inherits": [
        "styleguide-explanatory-component-template"
      ],
      "allFields": [
        {
          "name": "file",
          "type": "File"
        }
      ]
    },
    {
      "name": "Styleguide-FieldUsage-Image",
      "icon": "Office/16x16/photo_portrait.png",
      "fields": [
        {
          "name": "sample1",
          "type": "Image"
        },
        {
          "name": "sample2",
          "type": "Image"
        }
      ],
      "inherits": [
        "styleguide-explanatory-component-template"
      ],
      "allFields": [
        {
          "name": "sample1",
          "type": "Image"
        },
        {
          "name": "sample2",
          "type": "Image"
        }
      ]
    },
    {
      "name": "Styleguide-FieldUsage-ItemLink",
      "icon": "Office/16x16/link.png",
      "fields": [
        {
          "name": "sharedItemLink",
          "type": "Droptree",
          "source": "dataSource=/sitecore/content/nextjs-ssg/Content/Styleguide/ItemLinkField"
        },
        {
          "name": "localItemLink",
          "type": "Droptree"
        }
      ],
      "inherits": [
        "styleguide-explanatory-component-template"
      ],
      "allFields": [
        {
          "name": "sharedItemLink",
          "type": "Droptree",
          "source": "dataSource=/sitecore/content/nextjs-ssg/Content/Styleguide/ItemLinkField"
        },
        {
          "name": "localItemLink",
          "type": "Droptree"
        }
      ]
    },
    {
      "name": "Styleguide-FieldUsage-Link",
      "icon": "Office/16x16/link.png",
      "fields": [
        {
          "name": "externalLink",
          "type": "General Link"
        },
        {
          "name": "internalLink",
          "type": "General Link"
        },
        {
          "name": "emailLink",
          "type": "General Link"
        },
        {
          "name": "paramsLink",
          "type": "General Link"
        }
      ],
      "inherits": [
        "styleguide-explanatory-component-template"
      ],
      "allFields": [
        {
          "name": "externalLink",
          "type": "General Link"
        },
        {
          "name": "internalLink",
          "type": "General Link"
        },
        {
          "name": "emailLink",
          "type": "General Link"
        },
        {
          "name": "paramsLink",
          "type": "General Link"
        }
      ]
    },
    {
      "name": "Styleguide-FieldUsage-Number",
      "icon": "Office/16x16/numbers_field.png",
      "fields": [
        {
          "name": "sample",
          "type": "Number"
        }
      ],
      "inherits": [
        "styleguide-explanatory-component-template"
      ],
      "allFields": [
        {
          "name": "sample",
          "type": "Number"
        }
      ]
    },
    {
      "name": "Styleguide-FieldUsage-RichText",
      "icon": "Office/16x16/text_field.png",
      "fields": [
        {
          "name": "sample",
          "type": "Rich Text"
        },
        {
          "name": "sample2",
          "displayName": "Customize Name Shown in Sitecore",
          "required": true,
          "type": "Rich Text"
        }
      ],
      "inherits": [
        "styleguide-explanatory-component-template"
      ],
      "allFields": [
        {
          "name": "sample",
          "type": "Rich Text"
        },
        {
          "name": "sample2",
          "displayName": "Customize Name Shown in Sitecore",
          "required": true,
          "type": "Rich Text"
        }
      ]
    },
    {
      "name": "Styleguide-FieldUsage-Text",
      "icon": "Office/16x16/text.png",
      "fields": [
        {
          "name": "sample",
          "type": "Single-Line Text"
        },
        {
          "name": "sample2",
          "displayName": "Customize Name Shown in Sitecore",
          "required": true,
          "type": "Single-Line Text"
        }
      ],
      "inherits": [
        "styleguide-explanatory-component-template"
      ],
      "allFields": [
        {
          "name": "sample",
          "type": "Single-Line Text"
        },
        {
          "name": "sample2",
          "displayName": "Customize Name Shown in Sitecore",
          "required": true,
          "type": "Single-Line Text"
        }
      ]
    },
    {
      "name": "GraphQL-ConnectedDemo",
      "icon": "Office/16x16/graph_connection_directed.png",
      "fields": [
        {
          "name": "sample1",
          "type": "Single-Line Text"
        },
        {
          "name": "sample2",
          "type": "General Link"
        }
      ],
      "allFields": [
        {
          "name": "sample1",
          "type": "Single-Line Text"
        },
        {
          "name": "sample2",
          "type": "General Link"
        }
      ]
    },
    {
      "name": "GraphQL-IntegratedDemo",
      "icon": "Office/16x16/graph_connection_directed.png",
      "fields": [
        {
          "name": "sample1",
          "type": "Single-Line Text"
        },
        {
          "name": "sample2",
          "type": "General Link"
        }
      ],
      "allFields": [
        {
          "name": "sample1",
          "type": "Single-Line Text"
        },
        {
          "name": "sample2",
          "type": "General Link"
        }
      ]
    },
    {
      "name": "Styleguide-ComponentParams",
      "icon": "Office/16x16/window_dialog.png",
      "inherits": [
        "styleguide-explanatory-component-template"
      ],
      "allFields": []
    },
    {
      "name": "Styleguide-Layout-Reuse",
      "icon": "Office/16x16/documents_exchange.png",
      "inherits": [
        "styleguide-explanatory-component-template"
      ],
      "allFields": []
    },
    {
      "name": "Styleguide-Layout-Tabs-Tab",
      "icon": "Office/16x16/tab_pane.png",
      "fields": [
        {
          "name": "title",
          "type": "Single-Line Text"
        },
        {
          "name": "content",
          "type": "Rich Text"
        }
      ],
      "allFields": [
        {
          "name": "title",
          "type": "Single-Line Text"
        },
        {
          "name": "content",
          "type": "Rich Text"
        }
      ]
    },
    {
      "name": "Styleguide-Layout-Tabs",
      "icon": "Office/16x16/document_tag.png",
      "inherits": [
        "styleguide-explanatory-component-template"
      ],
      "allFields": []
    },
    {
      "name": "Styleguide-Multilingual",
      "icon": "Office/16x16/flag_generic.png",
      "fields": [
        {
          "name": "sample",
          "type": "Single-Line Text",
          "displayName": "This field has a translated value"
        }
      ],
      "inherits": [
        "styleguide-explanatory-component-template"
      ],
      "allFields": [
        {
          "name": "sample",
          "type": "Single-Line Text",
          "displayName": "This field has a translated value"
        }
      ]
    },
    {
      "name": "Styleguide-RouteFields",
      "icon": "Office/16x16/text_field.png",
      "inherits": [
        "styleguide-explanatory-component-template"
      ],
      "allFields": []
    },
    {
      "name": "Styleguide-Section",
      "icon": "Office/16x16/document_tag.png",
      "fields": [
        {
          "name": "heading",
          "type": "Single-Line Text"
        }
      ],
      "allFields": [
        {
          "name": "heading",
          "type": "Single-Line Text"
        }
      ]
    },
    {
      "name": "Styleguide-SitecoreContext",
      "icon": "Office/16x16/control_panel.png",
      "inherits": [
        "styleguide-explanatory-component-template"
      ],
      "allFields": []
    }
  ],
  "placeholders": [
    {
      "name": "jss-main",
      "displayName": "Main"
    },
    {
      "name": "jss-tabs",
      "displayName": "Tabs",
      "id": "tabs-placeholder"
    },
    {
      "name": "jss-graphql-layout"
    },
    {
      "name": "jss-styleguide-layout"
    },
    {
      "name": "jss-styleguide-section"
    },
    {
      "name": "jss-header"
    },
    {
      "name": "jss-reuse-example"
    }
  ],
  "appName": "nextjs-ssg",
  "language": "en",
  "renderings": [
    {
      "name": "ContentBlock",
      "icon": "Office/16x16/document_tag.png",
      "exposedPlaceholders": [],
      "dataSourceTemplate": "ContentBlock"
    },
    {
      "name": "Styleguide-FieldUsage-Checkbox",
      "icon": "Office/16x16/checkbox_selected.png",
      "exposedPlaceholders": [],
      "dataSourceTemplate": "Styleguide-FieldUsage-Checkbox"
    },
    {
      "name": "Styleguide-FieldUsage-ContentList",
      "icon": "Office/16x16/list_style_numbered.png",
      "exposedPlaceholders": [],
      "dataSourceTemplate": "Styleguide-FieldUsage-ContentList"
    },
    {
      "name": "Styleguide-FieldUsage-Custom",
      "icon": "Office/16x16/gearwheel.png",
      "exposedPlaceholders": [],
      "dataSourceTemplate": "Styleguide-FieldUsage-Custom"
    },
    {
      "name": "Styleguide-FieldUsage-Date",
      "icon": "Office/16x16/clock.png",
      "exposedPlaceholders": [],
      "dataSourceTemplate": "Styleguide-FieldUsage-Date"
    },
    {
      "name": "Styleguide-FieldUsage-File",
      "icon": "Office/16x16/floppy_disk.png",
      "exposedPlaceholders": [],
      "dataSourceTemplate": "Styleguide-FieldUsage-File"
    },
    {
      "name": "Styleguide-FieldUsage-Image",
      "icon": "Office/16x16/photo_portrait.png",
      "exposedPlaceholders": [],
      "dataSourceTemplate": "Styleguide-FieldUsage-Image"
    },
    {
      "name": "Styleguide-FieldUsage-ItemLink",
      "icon": "Office/16x16/link.png",
      "exposedPlaceholders": [],
      "dataSourceTemplate": "Styleguide-FieldUsage-ItemLink"
    },
    {
      "name": "Styleguide-FieldUsage-Link",
      "icon": "Office/16x16/link.png",
      "exposedPlaceholders": [],
      "dataSourceTemplate": "Styleguide-FieldUsage-Link"
    },
    {
      "name": "Styleguide-FieldUsage-Number",
      "icon": "Office/16x16/numbers_field.png",
      "exposedPlaceholders": [],
      "dataSourceTemplate": "Styleguide-FieldUsage-Number"
    },
    {
      "name": "Styleguide-FieldUsage-RichText",
      "icon": "Office/16x16/text_field.png",
      "exposedPlaceholders": [],
      "dataSourceTemplate": "Styleguide-FieldUsage-RichText"
    },
    {
      "name": "Styleguide-FieldUsage-Text",
      "icon": "Office/16x16/text.png",
      "exposedPlaceholders": [],
      "dataSourceTemplate": "Styleguide-FieldUsage-Text"
    },
    {
      "name": "GraphQL-ConnectedDemo",
      "icon": "Office/16x16/graph_connection_directed.png",
      "exposedPlaceholders": [],
      "dataSourceTemplate": "GraphQL-ConnectedDemo"
    },
    {
      "name": "GraphQL-IntegratedDemo",
      "icon": "Office/16x16/graph_connection_directed.png",
      "graphQLQuery": "# This file contains a GraphQL query that will be executed and the result provided to\n# your JSS component. You can run this query in GraphiQL ($endpoint/ui) for a nice editing experience.\n\n# Note that we're executing _two queries_ (datasource and contextItem)\n# within the context of the IntegratedDemoQuery _operation_. This makes it\n# very efficient at gathering data from multiple sources.\n\nquery IntegratedDemoQuery($datasource: String!, $contextItem: String!, $language: String!) {\n  # Datasource query\n  # $datasource will always be set to the ID of the rendering's datasource item\n  # (as long as the GraphQLData helper is used)\n  datasource: item(path: $datasource, language: $language) {\n    id\n    name\n    # Strongly-typed querying on known templates is possible!\n    ...on GraphQLIntegratedDemo {\n      # Single-line text field\n      sample1 {\n        # the 'jsonValue' field is a JSON blob that represents the object that\n        # should be passed to JSS field rendering helpers (i.e. text, image, link)\n        jsonValue\n        value\n      }\n      # General Link field\n      sample2 {\n        jsonValue\n        # Structured querying of the field's values is possible\n        text\n        target\n        url\n        # Access to the template definition is possible\n        definition {\n          type\n          shared\n        }\n      }\n    }\n  }\n\n  # Context/route item query\n  # $contextItem will always be set to the ID of the current context item (the route item)\n  # (as long as the GraphQLData helper is used)\n  contextItem: item(path: $contextItem, language: $language) {\n    id\n    # Get the page title from the page template\n    ...on Page {\n      pageTitle {\n        value\n      }\n    }\n\n    # List the children of the current route\n    children(hasLayout: true) {\n      results {\n        id\n        # typing fragments can be used anywhere!\n        # so in this case, we're grabbing the 'pageTitle'\n        # field on all child route items.\n        ...on Page {\n          pageTitle {\n            jsonValue\n            value\n          }\n        }\n        url{\n          path\n        }\n      }\n    }\n  }\n}\n",
      "exposedPlaceholders": [],
      "dataSourceTemplate": "GraphQL-IntegratedDemo"
    },
    {
      "name": "GraphQL-Layout",
      "icon": "Office/16x16/layout.png",
      "exposedPlaceholders": [
        "jss-graphql-layout"
      ],
      "dataSourceTemplate": ""
    },
    {
      "name": "Styleguide-ComponentParams",
      "icon": "Office/16x16/window_dialog.png",
      "params": [
        {
          "name": "cssClass",
          "type": "Single-Line Text"
        },
        {
          "name": "columns",
          "type": "Single-Line Text"
        },
        {
          "name": "useCallToAction",
          "type": "Single-Line Text"
        }
      ],
      "exposedPlaceholders": [],
      "dataSourceTemplate": "Styleguide-ComponentParams"
    },
    {
      "name": "Styleguide-CustomRouteType",
      "icon": "Office/16x16/document_tag.png",
      "exposedPlaceholders": [],
      "dataSourceTemplate": ""
    },
    {
      "name": "Styleguide-Layout-Reuse",
      "icon": "Office/16x16/documents_exchange.png",
      "exposedPlaceholders": [
        "jss-reuse-example"
      ],
      "dataSourceTemplate": "Styleguide-Layout-Reuse"
    },
    {
      "name": "Styleguide-Layout-Tabs-Tab",
      "icon": "Office/16x16/tab_pane.png",
      "exposedPlaceholders": [],
      "dataSourceTemplate": "Styleguide-Layout-Tabs-Tab"
    },
    {
      "name": "Styleguide-Layout-Tabs",
      "icon": "Office/16x16/document_tag.png",
      "exposedPlaceholders": [
        "jss-tabs"
      ],
      "dataSourceTemplate": "Styleguide-Layout-Tabs"
    },
    {
      "name": "Styleguide-Layout",
      "icon": "Office/16x16/layout.png",
      "exposedPlaceholders": [
        "jss-styleguide-layout"
      ],
      "dataSourceTemplate": ""
    },
    {
      "name": "Styleguide-Multilingual",
      "icon": "Office/16x16/flag_generic.png",
      "exposedPlaceholders": [],
      "dataSourceTemplate": "Styleguide-Multilingual"
    },
    {
      "name": "Styleguide-RouteFields",
      "icon": "Office/16x16/text_field.png",
      "exposedPlaceholders": [],
      "dataSourceTemplate": "Styleguide-RouteFields"
    },
    {
      "name": "Styleguide-Section",
      "icon": "Office/16x16/document_tag.png",
      "exposedPlaceholders": [
        "jss-styleguide-section"
      ],
      "dataSourceTemplate": "Styleguide-Section"
    },
    {
      "name": "Styleguide-SitecoreContext",
      "icon": "Office/16x16/control_panel.png",
      "exposedPlaceholders": [],
      "dataSourceTemplate": "Styleguide-SitecoreContext"
    }
  ],
  "wipeExisting": false,
  "rootPlaceholders": [
    "jss-main"
  ],
  "items": {
    "routes": [
      {
        "id": "home-page",
        "name": "home",
        "layout": {
          "renderings": [
            {
              "renderingName": "ContentBlock",
              "placeholderKey": "/jss-main",
              "placeholderName": "jss-main",
              "dataSource": {
                "name": "home-jss-main-ContentBlock-1",
                "displayName": "ContentBlock-1",
                "template": "ContentBlock",
                "fields": [
                  {
                    "name": "heading",
                    "value": "Welcome to Sitecore JSS"
                  },
                  {
                    "name": "content",
                    "value": "<p>Thanks for using JSS!! Here are some resources to get you started:</p>\n\n<h3><a href=\"https://jss.sitecore.com\" rel=\"noopener noreferrer\">Documentation</a></h3>\n<p>The official JSS documentation can help you with any JSS task from getting started to advanced techniques.</p>\n\n<h3><a href=\"/styleguide\">Styleguide</a></h3>\n<p>The JSS styleguide is a living example of how to use JSS, hosted right in this app.\nIt demonstrates most of the common patterns that JSS implementations may need to use,\nas well as useful architectural patterns.</p>\n\n<h3><a href=\"/graphql\">GraphQL</a></h3>\n<p>JSS features integration with the Sitecore GraphQL API to enable fetching non-route data from Sitecore - or from other internal backends as an API aggregator or proxy.\nThis route is a living example of how to use an integrate with GraphQL data in a JSS app.</p>\n\n<div class=\"alert alert-dark\">\n  <h4>This app is a boilerplate</h4>\n  <p>The JSS samples are a boilerplate, not a library. That means that any code in this app is meant for you to own and customize to your own requirements.</p>\n  <p>Want to change the lint settings? Do it. Want to read manifest data from a MongoDB database? Go for it. This app is yours.</p>\n</div>\n\n<div class=\"alert alert-dark\">\n  <h4>How to start with an empty app</h4>\n  <p>To start with a fresh app with no boilerplate, run <code>npx create-sitecore-jss</code> and don't select any add-ons. Note, disconnected mode is not supported this way</p>\n  <p>To remove all of the default sample content (the Styleguide and GraphQL routes) and start out with an empty JSS app:</p>\n  <ol>\n    <li>Delete <code>/data/dictionary/*.yml</code></li>\n    <li>Delete <code>/data/routes/styleguide</code> and <code>/data/routes/graphql</code></li>\n    <li>Delete <code>/data/content/Styleguide</code></li>\n    <li>Delete <code>/data/component-content/Styleguide</code></li>\n    <li>Delete <code>/sitecore/definitions/components/Styleguide*</code>, <code>/sitecore/definitions/templates/Styleguide*</code>, and <code>/sitecore/definitions/components/GraphQL*</code></li>\n    <li>Delete <code>graphql-let</code> command from <code>bootstrap</code> npm command in <code>package.json</code> until you create <code>.graphql</code> files</li>\n    <li>Delete <code>/src/components/*</code></li>\n  </ol>\n</div>\n"
                  }
                ]
              },
              "renderingParams": [],
              "uid": "{2C4A53CC-9DA8-5F51-9D79-6EE2FC671B2D}"
            }
          ],
          "placeholders": [
            "jss-main"
          ]
        },
        "fields": [
          {
            "name": "pageTitle",
            "value": "Welcome to Sitecore JSS"
          }
        ],
        "children": [
          {
            "name": "graphql",
            "layout": {
              "renderings": [
                {
                  "renderingName": "ContentBlock",
                  "placeholderKey": "/jss-main",
                  "placeholderName": "jss-main",
                  "dataSource": {
                    "name": "graphql-jss-main-ContentBlock-1",
                    "displayName": "ContentBlock-1",
                    "template": "ContentBlock",
                    "fields": [
                      {
                        "name": "heading",
                        "value": "Using GraphQL with JSS"
                      },
                      {
                        "name": "content",
                        "value": "<p>This is a live example of using Integrated GraphQL and Connected GraphQL with a JSS app.\nFor more information on GraphQL use in JSS, please see <a href=\"https://jss.sitecore.com\" target=\"_blank\" rel=\"noopener noreferrer\">the documentation</a>.</p>\n"
                      }
                    ]
                  },
                  "renderingParams": [],
                  "uid": "{FB82986A-A6CD-53FD-AA1D-BC5036B6979B}"
                },
                {
                  "renderingName": "GraphQL-Layout",
                  "placeholderKey": "/jss-main",
                  "placeholderName": "jss-main",
                  "dataSource": {
                    "name": "graphql-jss-main-GraphQL-Layout-2",
                    "displayName": "GraphQL-Layout-2",
                    "template": "GraphQL-Layout",
                    "fields": []
                  },
                  "renderingParams": [],
                  "uid": "{A9FBC7CC-F00B-58A2-873B-4C70C726476C}"
                },
                {
                  "renderingName": "GraphQL-IntegratedDemo",
                  "placeholderKey": "/jss-main/jss-graphql-layout-{A9FBC7CC-F00B-58A2-873B-4C70C726476C}-0",
                  "placeholderName": "jss-graphql-layout",
                  "dataSource": {
                    "name": "graphql-jss-graphql-layout-A9FBC7CC-F00B-58A2-873B-4C70C726476C-0-GraphQL-IntegratedDemo-1",
                    "displayName": "GraphQL-IntegratedDemo-1",
                    "template": "GraphQL-IntegratedDemo",
                    "fields": [
                      {
                        "name": "sample1",
                        "value": "Hello integrated GraphQL world!"
                      },
                      {
                        "name": "sample2",
                        "value": {
                          "href": "https://www.sitecore.com",
                          "target": "_blank",
                          "text": "GraphQL lets you get structured field data too"
                        }
                      }
                    ]
                  },
                  "renderingParams": [],
                  "uid": "{B6BBD1E2-C0B2-5C34-ADD3-858333393BFD}"
                },
                {
                  "renderingName": "GraphQL-ConnectedDemo",
                  "placeholderKey": "/jss-main/jss-graphql-layout-{A9FBC7CC-F00B-58A2-873B-4C70C726476C}-0",
                  "placeholderName": "jss-graphql-layout",
                  "dataSource": {
                    "name": "graphql-jss-graphql-layout-A9FBC7CC-F00B-58A2-873B-4C70C726476C-0-GraphQL-ConnectedDemo-2",
                    "displayName": "GraphQL-ConnectedDemo-2",
                    "template": "GraphQL-ConnectedDemo",
                    "fields": [
                      {
                        "name": "sample1",
                        "value": "Hello connected GraphQL world!"
                      },
                      {
                        "name": "sample2",
                        "value": {
                          "href": "https://www.sitecore.com",
                          "target": "_blank",
                          "text": "GraphQL lets you get structured field data too"
                        }
                      }
                    ]
                  },
                  "renderingParams": [],
                  "uid": "{4E86EC75-DCF5-57A7-B43C-150ADD6BD099}"
                }
              ],
              "placeholders": [
                "jss-main",
                "jss-graphql-layout"
              ]
            },
            "fields": [
              {
                "name": "pageTitle",
                "value": "GraphQL | Sitecore JSS"
              }
            ],
            "children": [
              {
                "name": "sample-1",
                "layout": {
                  "renderings": [
                    {
                      "renderingName": "ContentBlock",
                      "placeholderKey": "/jss-main",
                      "placeholderName": "jss-main",
                      "dataSource": {
                        "name": "sample-1-jss-main-ContentBlock-1",
                        "displayName": "ContentBlock-1",
                        "template": "ContentBlock",
                        "fields": [
                          {
                            "name": "heading",
                            "value": "GraphQL Sample 1"
                          },
                          {
                            "name": "content",
                            "value": "<p>A child route here to illustrate the power of GraphQL queries. <a href=\"/graphql\">Back to GraphQL route</a></p>\n"
                          }
                        ]
                      },
                      "renderingParams": [],
                      "uid": "{9157CC8C-5760-5114-9F2D-93CBE39B30DC}"
                    }
                  ],
                  "placeholders": [
                    "jss-main"
                  ]
                },
                "fields": [
                  {
                    "name": "pageTitle",
                    "value": "Sample 1 Page Title"
                  }
                ]
              },
              {
                "name": "sample-2",
                "layout": {
                  "renderings": [
                    {
                      "renderingName": "ContentBlock",
                      "placeholderKey": "/jss-main",
                      "placeholderName": "jss-main",
                      "dataSource": {
                        "name": "sample-2-jss-main-ContentBlock-1",
                        "displayName": "ContentBlock-1",
                        "template": "ContentBlock",
                        "fields": [
                          {
                            "name": "heading",
                            "value": "GraphQL Sample 2"
                          },
                          {
                            "name": "content",
                            "value": "<p>A child route here to illustrate the power of GraphQL queries. <a href=\"/graphql\">Back to GraphQL route</a></p>\n"
                          }
                        ]
                      },
                      "renderingParams": [],
                      "uid": "{5C424448-2B30-5910-ABE7-5021B762D542}"
                    }
                  ],
                  "placeholders": [
                    "jss-main"
                  ]
                },
                "fields": [
                  {
                    "name": "pageTitle",
                    "value": "Sample 2 Page Title"
                  }
                ]
              }
            ]
          },
          {
            "name": "styleguide",
            "layout": {
              "renderings": [
                {
                  "renderingName": "ContentBlock",
                  "placeholderKey": "/jss-main",
                  "placeholderName": "jss-main",
                  "dataSource": {
                    "name": "styleguide-jss-main-ContentBlock-1",
                    "displayName": "ContentBlock-1",
                    "template": "ContentBlock",
                    "fields": [
                      {
                        "name": "heading",
                        "value": "JSS Styleguide"
                      },
                      {
                        "name": "content",
                        "value": "<p>This is a live set of examples of how to use JSS. For more information on using JSS, please see <a href=\"https://jss.sitecore.com\" target=\"_blank\" rel=\"noopener noreferrer\">the documentation</a>.</p>\n<p>The content and layout of this page is defined in <code>/data/routes/styleguide/en.yml</code></p>\n"
                      }
                    ]
                  },
                  "renderingParams": [],
                  "uid": "{E02DDB9B-A062-5E50-924A-1940D7E053CE}"
                },
                {
                  "renderingName": "Styleguide-Layout",
                  "placeholderKey": "/jss-main",
                  "placeholderName": "jss-main",
                  "dataSource": {
                    "name": "styleguide-jss-main-Styleguide-Layout-2",
                    "displayName": "Styleguide-Layout-2",
                    "template": "Styleguide-Layout",
                    "fields": []
                  },
                  "renderingParams": [],
                  "uid": "{34A6553C-81DE-5CD3-989E-853F6CB6DF8C}"
                },
                {
                  "renderingName": "Styleguide-Section",
                  "placeholderKey": "/jss-main/jss-styleguide-layout-{34A6553C-81DE-5CD3-989E-853F6CB6DF8C}-0",
                  "placeholderName": "jss-styleguide-layout",
                  "dataSource": {
                    "name": "styleguide-jss-styleguide-layout-34A6553C-81DE-5CD3-989E-853F6CB6DF8C-0-Styleguide-Section-1",
                    "displayName": "Styleguide-Section-1",
                    "template": "Styleguide-Section",
                    "fields": [
                      {
                        "name": "heading",
                        "value": "Content Data"
                      }
                    ]
                  },
                  "renderingParams": [],
                  "uid": "{B7C779DA-2B75-586C-B40D-081FCB864256}"
                },
                {
                  "renderingName": "Styleguide-FieldUsage-Text",
                  "placeholderKey": "/jss-main/jss-styleguide-layout-{34A6553C-81DE-5CD3-989E-853F6CB6DF8C}-0/jss-styleguide-section-{B7C779DA-2B75-586C-B40D-081FCB864256}-0",
                  "placeholderName": "jss-styleguide-section",
                  "dataSource": {
                    "name": "styleguide-jss-styleguide-section-B7C779DA-2B75-586C-B40D-081FCB864256-0-Styleguide-FieldUsage-Text-1",
                    "displayName": "Styleguide-FieldUsage-Text-1",
                    "template": "Styleguide-FieldUsage-Text",
                    "fields": [
                      {
                        "name": "heading",
                        "value": "Single-Line Text"
                      },
                      {
                        "name": "sample",
                        "value": "This is a sample text field. <mark>HTML is encoded.</mark> In Sitecore, editors will see a <input type=\"text\">."
                      },
                      {
                        "name": "sample2",
                        "value": "This is another sample text field using rendering options. <mark>HTML supported with encode=false.</mark> Cannot edit because editable=false."
                      }
                    ]
                  },
                  "renderingParams": [],
                  "uid": "{63B0C99E-DAC7-5670-9D66-C26A78000EAE}"
                },
                {
                  "renderingName": "Styleguide-FieldUsage-Text",
                  "placeholderKey": "/jss-main/jss-styleguide-layout-{34A6553C-81DE-5CD3-989E-853F6CB6DF8C}-0/jss-styleguide-section-{B7C779DA-2B75-586C-B40D-081FCB864256}-0",
                  "placeholderName": "jss-styleguide-section",
                  "dataSource": {
                    "name": "styleguide-jss-styleguide-section-B7C779DA-2B75-586C-B40D-081FCB864256-0-Styleguide-FieldUsage-Text-2",
                    "displayName": "Styleguide-FieldUsage-Text-2",
                    "template": "Styleguide-FieldUsage-Text",
                    "fields": [
                      {
                        "name": "heading",
                        "value": "Multi-Line Text"
                      },
                      {
                        "name": "description",
                        "value": "<small>Multi-line text tells Sitecore to use a <code>textarea</code> for editing; consumption in JSS is the same as single-line text.</small>"
                      },
                      {
                        "name": "sample",
                        "value": "This is a sample multi-line text field. <mark>HTML is encoded.</mark> In Sitecore, editors will see a textarea."
                      },
                      {
                        "name": "sample2",
                        "value": "This is another sample multi-line text field using rendering options. <mark>HTML supported with encode=false.</mark>"
                      }
                    ]
                  },
                  "renderingParams": [],
                  "uid": "{F1EA3BB5-1175-5055-AB11-9C48BF69427A}"
                },
                {
                  "renderingName": "Styleguide-FieldUsage-RichText",
                  "placeholderKey": "/jss-main/jss-styleguide-layout-{34A6553C-81DE-5CD3-989E-853F6CB6DF8C}-0/jss-styleguide-section-{B7C779DA-2B75-586C-B40D-081FCB864256}-0",
                  "placeholderName": "jss-styleguide-section",
                  "dataSource": {
                    "name": "styleguide-jss-styleguide-section-B7C779DA-2B75-586C-B40D-081FCB864256-0-Styleguide-FieldUsage-RichText-3",
                    "displayName": "Styleguide-FieldUsage-RichText-3",
                    "template": "Styleguide-FieldUsage-RichText",
                    "fields": [
                      {
                        "name": "heading",
                        "value": "Rich Text"
                      },
                      {
                        "name": "sample",
                        "value": "<p>This is a sample rich text field. <mark>HTML is always supported.</mark> In Sitecore, editors will see a WYSIWYG editor for these fields.</p>"
                      },
                      {
                        "name": "sample2",
                        "value": "<p>Another sample rich text field, using options. Keep markup entered in rich text fields as simple as possible - ideally bare tags only (no classes). Adding a wrapping class can help with styling within rich text blocks.</p>\n<marquee>But you can use any valid HTML in a rich text field!</marquee>\n"
                      }
                    ]
                  },
                  "renderingParams": [],
                  "uid": "{69CEBC00-446B-5141-AD1E-450B8D6EE0AD}"
                },
                {
                  "renderingName": "Styleguide-FieldUsage-Image",
                  "placeholderKey": "/jss-main/jss-styleguide-layout-{34A6553C-81DE-5CD3-989E-853F6CB6DF8C}-0/jss-styleguide-section-{B7C779DA-2B75-586C-B40D-081FCB864256}-0",
                  "placeholderName": "jss-styleguide-section",
                  "dataSource": {
                    "name": "styleguide-jss-styleguide-section-B7C779DA-2B75-586C-B40D-081FCB864256-0-Styleguide-FieldUsage-Image-4",
                    "displayName": "Styleguide-FieldUsage-Image-4",
                    "template": "Styleguide-FieldUsage-Image",
                    "fields": [
                      {
                        "name": "heading",
                        "value": "Image"
                      },
                      {
                        "name": "sample1",
                        "value": {
                          "src": "/data/media/img/sc_logo.png",
                          "alt": "Sitecore Logo"
                        }
                      },
                      {
                        "name": "sample2",
                        "value": {
                          "src": "/data/media/img/jss_logo.png",
                          "alt": "Sitecore JSS Logo"
                        }
                      }
                    ]
                  },
                  "renderingParams": [],
                  "uid": "{5630C0E6-0430-5F6A-AF9E-2D09D600A386}"
                },
                {
                  "renderingName": "Styleguide-FieldUsage-File",
                  "placeholderKey": "/jss-main/jss-styleguide-layout-{34A6553C-81DE-5CD3-989E-853F6CB6DF8C}-0/jss-styleguide-section-{B7C779DA-2B75-586C-B40D-081FCB864256}-0",
                  "placeholderName": "jss-styleguide-section",
                  "dataSource": {
                    "name": "styleguide-jss-styleguide-section-B7C779DA-2B75-586C-B40D-081FCB864256-0-Styleguide-FieldUsage-File-5",
                    "displayName": "Styleguide-FieldUsage-File-5",
                    "template": "Styleguide-FieldUsage-File",
                    "fields": [
                      {
                        "name": "heading",
                        "value": "File"
                      },
                      {
                        "name": "description",
                        "value": "<small>Note: Sitecore does not support inline editing of File fields. The value must be edited in Experience Editor by using the edit rendering fields button (looks like a pencil) with the whole component selected.</small>\n"
                      },
                      {
                        "name": "file",
                        "value": {
                          "src": "/data/media/files/jss.pdf",
                          "title": "Example File",
                          "description": "This data will be added to the Sitecore Media Library on import"
                        }
                      }
                    ]
                  },
                  "renderingParams": [],
                  "uid": "{BAD43EF7-8940-504D-A09B-976C17A9A30C}"
                },
                {
                  "renderingName": "Styleguide-FieldUsage-Number",
                  "placeholderKey": "/jss-main/jss-styleguide-layout-{34A6553C-81DE-5CD3-989E-853F6CB6DF8C}-0/jss-styleguide-section-{B7C779DA-2B75-586C-B40D-081FCB864256}-0",
                  "placeholderName": "jss-styleguide-section",
                  "dataSource": {
                    "name": "styleguide-jss-styleguide-section-B7C779DA-2B75-586C-B40D-081FCB864256-0-Styleguide-FieldUsage-Number-6",
                    "displayName": "Styleguide-FieldUsage-Number-6",
                    "template": "Styleguide-FieldUsage-Number",
                    "fields": [
                      {
                        "name": "heading",
                        "value": "Number"
                      },
                      {
                        "name": "description",
                        "value": "<small>Number tells Sitecore to use a number entry for editing.</small>"
                      },
                      {
                        "name": "sample",
                        "value": 1.21
                      }
                    ]
                  },
                  "renderingParams": [],
                  "uid": "{FF90D4BD-E50D-5BBF-9213-D25968C9AE75}"
                },
                {
                  "renderingName": "Styleguide-FieldUsage-Checkbox",
                  "placeholderKey": "/jss-main/jss-styleguide-layout-{34A6553C-81DE-5CD3-989E-853F6CB6DF8C}-0/jss-styleguide-section-{B7C779DA-2B75-586C-B40D-081FCB864256}-0",
                  "placeholderName": "jss-styleguide-section",
                  "dataSource": {
                    "name": "styleguide-jss-styleguide-section-B7C779DA-2B75-586C-B40D-081FCB864256-0-Styleguide-FieldUsage-Checkbox-7",
                    "displayName": "Styleguide-FieldUsage-Checkbox-7",
                    "template": "Styleguide-FieldUsage-Checkbox",
                    "fields": [
                      {
                        "name": "heading",
                        "value": "Checkbox"
                      },
                      {
                        "name": "description",
                        "value": "<small>Note: Sitecore does not support inline editing of Checkbox fields. The value must be edited in Experience Editor by using the edit rendering fields button (looks like a pencil) with the whole component selected.</small>\n"
                      },
                      {
                        "name": "checkbox",
                        "value": true
                      },
                      {
                        "name": "checkbox2",
                        "value": false
                      }
                    ]
                  },
                  "renderingParams": [],
                  "uid": "{B5C1C74A-A81D-59B2-85D8-09BC109B1F70}"
                },
                {
                  "renderingName": "Styleguide-FieldUsage-Date",
                  "placeholderKey": "/jss-main/jss-styleguide-layout-{34A6553C-81DE-5CD3-989E-853F6CB6DF8C}-0/jss-styleguide-section-{B7C779DA-2B75-586C-B40D-081FCB864256}-0",
                  "placeholderName": "jss-styleguide-section",
                  "dataSource": {
                    "name": "styleguide-jss-styleguide-section-B7C779DA-2B75-586C-B40D-081FCB864256-0-Styleguide-FieldUsage-Date-8",
                    "displayName": "Styleguide-FieldUsage-Date-8",
                    "template": "Styleguide-FieldUsage-Date",
                    "fields": [
                      {
                        "name": "heading",
                        "value": "Date"
                      },
                      {
                        "name": "description",
                        "value": "<p><small>Both <code>Date</code> and <code>DateTime</code> field types are available. Choosing <code>DateTime</code> will make Sitecore show editing UI for time; both types store complete date and time values internally. Date values in JSS are formatted using <a href=\"https://en.wikipedia.org/wiki/ISO_8601#Combined_date_and_time_representations\" target=\"_blank\">ISO 8601 formatted strings</a>, for example <code>2012-04-23T18:25:43.511Z</code>.</small></p>\n<div class=\"alert alert-warning\"><small>Note: this is a JavaScript date format (e.g. <code>new Date().toISOString()</code>), and is different from how Sitecore stores date field values internally. Sitecore-formatted dates will not work.</small></div>\n"
                      },
                      {
                        "name": "date",
                        "value": "2012-05-04T00:00:00Z"
                      },
                      {
                        "name": "dateTime",
                        "value": "2018-03-14T15:00:00Z"
                      }
                    ]
                  },
                  "renderingParams": [],
                  "uid": "{F166A7D6-9EC8-5C53-B825-33405DB7F575}"
                },
                {
                  "renderingName": "Styleguide-FieldUsage-Link",
                  "placeholderKey": "/jss-main/jss-styleguide-layout-{34A6553C-81DE-5CD3-989E-853F6CB6DF8C}-0/jss-styleguide-section-{B7C779DA-2B75-586C-B40D-081FCB864256}-0",
                  "placeholderName": "jss-styleguide-section",
                  "dataSource": {
                    "name": "styleguide-jss-styleguide-section-B7C779DA-2B75-586C-B40D-081FCB864256-0-Styleguide-FieldUsage-Link-9",
                    "displayName": "Styleguide-FieldUsage-Link-9",
                    "template": "Styleguide-FieldUsage-Link",
                    "fields": [
                      {
                        "name": "heading",
                        "value": "General Link"
                      },
                      {
                        "name": "description",
                        "value": "<p>A <em>General Link</em> is a field that represents an <code>&lt;a&gt;</code> tag.</p>"
                      },
                      {
                        "name": "externalLink",
                        "value": {
                          "href": "https://www.sitecore.com",
                          "text": "Link to Sitecore"
                        }
                      },
                      {
                        "name": "internalLink",
                        "value": {
                          "href": "/"
                        }
                      },
                      {
                        "name": "mediaLink",
                        "value": {
                          "href": "/data/media/files/jss.pdf",
                          "text": "Link to PDF"
                        }
                      },
                      {
                        "name": "emailLink",
                        "value": {
                          "href": "mailto:foo@bar.com",
                          "text": "Send an Email"
                        }
                      },
                      {
                        "name": "paramsLink",
                        "value": {
                          "href": "https://dev.sitecore.net",
                          "text": "Sitecore Dev Site",
                          "target": "_blank",
                          "class": "font-weight-bold",
                          "title": "<a> title attribute"
                        }
                      }
                    ]
                  },
                  "renderingParams": [],
                  "uid": "{56A9562A-6813-579B-8ED2-FDDAB1BFD3D2}"
                },
                {
                  "renderingName": "Styleguide-FieldUsage-ItemLink",
                  "placeholderKey": "/jss-main/jss-styleguide-layout-{34A6553C-81DE-5CD3-989E-853F6CB6DF8C}-0/jss-styleguide-section-{B7C779DA-2B75-586C-B40D-081FCB864256}-0",
                  "placeholderName": "jss-styleguide-section",
                  "dataSource": {
                    "name": "styleguide-jss-styleguide-section-B7C779DA-2B75-586C-B40D-081FCB864256-0-Styleguide-FieldUsage-ItemLink-10",
                    "displayName": "Styleguide-FieldUsage-ItemLink-10",
                    "template": "Styleguide-FieldUsage-ItemLink",
                    "fields": [
                      {
                        "name": "heading",
                        "value": "Item Link"
                      },
                      {
                        "name": "description",
                        "value": "<p>\n  <small>\n    Item Links are a way to reference another content item to use data from it.\n    Referenced items may be shared.\n    To reference multiple content items, use a <em>Content List</em> field.<br />\n    <strong>Note:</strong> Sitecore does not support inline editing of Item Link fields. The value must be edited in Experience Editor by using the edit rendering fields button (looks like a pencil) with the whole component selected.\n  </small>\n</p>\n"
                      },
                      {
                        "name": "sharedItemLink",
                        "value": {
                          "resolvedFromItemId": "styleguide-item-link-field-shared-1",
                          "displayName": "Styleguide Item Link Item 1 (Shared)",
                          "template": "Styleguide-ItemLink-Item-Template",
                          "fields": [
                            {
                              "name": "textField",
                              "value": "ItemLink Demo (Shared) Item 1 Text Field"
                            }
                          ],
                          "name": "Item1"
                        }
                      },
                      {
                        "name": "localItemLink",
                        "value": {
                          "template": "Styleguide-ItemLink-Item-Template",
                          "name": "styleguide-jss-styleguide-section-B7C779DA-2B75-586C-B40D-081FCB864256-0-Styleguide-FieldUsage-ItemLink-10-item-0",
                          "displayName": "Styleguide-FieldUsage-ItemLink-10-item-0",
                          "fields": [
                            {
                              "name": "textField",
                              "value": "Referenced item textField"
                            }
                          ]
                        }
                      }
                    ]
                  },
                  "renderingParams": [],
                  "uid": "{A44AD1F8-0582-5248-9DF9-52429193A68B}"
                },
                {
                  "renderingName": "Styleguide-FieldUsage-ContentList",
                  "placeholderKey": "/jss-main/jss-styleguide-layout-{34A6553C-81DE-5CD3-989E-853F6CB6DF8C}-0/jss-styleguide-section-{B7C779DA-2B75-586C-B40D-081FCB864256}-0",
                  "placeholderName": "jss-styleguide-section",
                  "dataSource": {
                    "name": "styleguide-jss-styleguide-section-B7C779DA-2B75-586C-B40D-081FCB864256-0-Styleguide-FieldUsage-ContentList-11",
                    "displayName": "Styleguide-FieldUsage-ContentList-11",
                    "template": "Styleguide-FieldUsage-ContentList",
                    "fields": [
                      {
                        "name": "heading",
                        "value": "Content List"
                      },
                      {
                        "name": "description",
                        "value": "<p>\n  <small>\n    Content Lists are a way to reference zero or more other content items.\n    Referenced items may be shared.\n    To reference a single content item, use an <em>Item Link</em> field.<br />\n    <strong>Note:</strong> Sitecore does not support inline editing of Content List fields. The value must be edited in Experience Editor by using the edit rendering fields button (looks like a pencil) with the whole component selected.\n  </small>\n</p>\n"
                      },
                      {
                        "name": "sharedContentList",
                        "value": [
                          {
                            "resolvedFromItemId": "styleguide-content-list-field-shared-1",
                            "displayName": "Styleguide Content List Item 1 (Shared)",
                            "template": "Styleguide-ContentList-Item-Template",
                            "fields": [
                              {
                                "name": "textField",
                                "value": "ContentList Demo (Shared) Item 1 Text Field"
                              }
                            ],
                            "name": "Item1"
                          },
                          {
                            "resolvedFromItemId": "styleguide-content-list-field-shared-2",
                            "displayName": "Styleguide Content List Item 2 (Shared)",
                            "template": "Styleguide-ContentList-Item-Template",
                            "fields": [
                              {
                                "name": "textField",
                                "value": "ContentList Demo (Shared) Item 2 Text Field"
                              }
                            ],
                            "name": "Item2"
                          }
                        ]
                      },
                      {
                        "name": "localContentList",
                        "value": [
                          {
                            "template": "Styleguide-ContentList-Item-Template",
                            "name": "styleguide-jss-styleguide-section-B7C779DA-2B75-586C-B40D-081FCB864256-0-Styleguide-FieldUsage-ContentList-11-item-0",
                            "displayName": "Styleguide-FieldUsage-ContentList-11-item-0",
                            "fields": [
                              {
                                "name": "textField",
                                "value": "Hello World Item 1"
                              }
                            ]
                          },
                          {
                            "template": "Styleguide-ContentList-Item-Template",
                            "name": "styleguide-jss-styleguide-section-B7C779DA-2B75-586C-B40D-081FCB864256-0-Styleguide-FieldUsage-ContentList-11-item-1",
                            "displayName": "Styleguide-FieldUsage-ContentList-11-item-1",
                            "fields": [
                              {
                                "name": "textField",
                                "value": "Hello World Item 2"
                              }
                            ]
                          }
                        ]
                      }
                    ]
                  },
                  "renderingParams": [],
                  "uid": "{2F609D40-8AD9-540E-901E-23AA2600F3EB}"
                },
                {
                  "renderingName": "Styleguide-FieldUsage-Custom",
                  "placeholderKey": "/jss-main/jss-styleguide-layout-{34A6553C-81DE-5CD3-989E-853F6CB6DF8C}-0/jss-styleguide-section-{B7C779DA-2B75-586C-B40D-081FCB864256}-0",
                  "placeholderName": "jss-styleguide-section",
                  "dataSource": {
                    "name": "styleguide-jss-styleguide-section-B7C779DA-2B75-586C-B40D-081FCB864256-0-Styleguide-FieldUsage-Custom-12",
                    "displayName": "Styleguide-FieldUsage-Custom-12",
                    "template": "Styleguide-FieldUsage-Custom",
                    "fields": [
                      {
                        "name": "heading",
                        "value": "Custom Fields"
                      },
                      {
                        "name": "description",
                        "value": "<p>\n  <small>\n    Any Sitecore field type can be consumed by JSS.\n    In this sample we consume the <em>Integer</em> field type.<br />\n    <strong>Note:</strong> For field types with complex data, custom <code>FieldSerializer</code>s may need to be implemented on the Sitecore side.\n  </small>\n</p>\n"
                      },
                      {
                        "name": "customIntField",
                        "value": 31337
                      }
                    ]
                  },
                  "renderingParams": [],
                  "uid": "{352ED63D-796A-5523-89F5-9A991DDA4A8F}"
                },
                {
                  "renderingName": "Styleguide-Section",
                  "placeholderKey": "/jss-main/jss-styleguide-layout-{34A6553C-81DE-5CD3-989E-853F6CB6DF8C}-0",
                  "placeholderName": "jss-styleguide-layout",
                  "dataSource": {
                    "name": "styleguide-jss-styleguide-layout-34A6553C-81DE-5CD3-989E-853F6CB6DF8C-0-Styleguide-Section-2",
                    "displayName": "Styleguide-Section-2",
                    "template": "Styleguide-Section",
                    "fields": [
                      {
                        "name": "heading",
                        "value": "Layout Patterns"
                      }
                    ]
                  },
                  "renderingParams": [],
                  "uid": "{7DE41A1A-24E4-5963-8206-3BB0B7D9DD69}"
                },
                {
                  "renderingName": "Styleguide-Layout-Reuse",
                  "placeholderKey": "/jss-main/jss-styleguide-layout-{34A6553C-81DE-5CD3-989E-853F6CB6DF8C}-0/jss-header-{7DE41A1A-24E4-5963-8206-3BB0B7D9DD69}-0",
                  "placeholderName": "jss-header",
                  "dataSource": {
                    "name": "styleguide-jss-header-7DE41A1A-24E4-5963-8206-3BB0B7D9DD69-0-Styleguide-Layout-Reuse-1",
                    "displayName": "Styleguide-Layout-Reuse-1",
                    "template": "Styleguide-Layout-Reuse",
                    "fields": []
                  },
                  "renderingParams": [],
                  "uid": "{1A6FCB1C-E97B-5325-8E4E-6E13997A4A1A}"
                },
                {
                  "renderingName": "Styleguide-Layout-Reuse",
                  "placeholderKey": "/jss-main/jss-styleguide-layout-{34A6553C-81DE-5CD3-989E-853F6CB6DF8C}-0/jss-styleguide-section-{7DE41A1A-24E4-5963-8206-3BB0B7D9DD69}-0",
                  "placeholderName": "jss-styleguide-section",
                  "dataSource": {
                    "name": "styleguide-jss-styleguide-section-7DE41A1A-24E4-5963-8206-3BB0B7D9DD69-0-Styleguide-Layout-Reuse-1",
                    "displayName": "Styleguide-Layout-Reuse-1",
                    "template": "Styleguide-Layout-Reuse",
                    "fields": [
                      {
                        "name": "heading",
                        "value": "Reusing Content"
                      },
                      {
                        "name": "description",
                        "value": "<p>JSS provides powerful options to reuse content, whether it's sharing a common piece of text across pages or sketching out a site with repeating <em>lorem ipsum</em> content.</p>"
                      }
                    ]
                  },
                  "renderingParams": [],
                  "uid": "{3A5D9C50-D8C1-5A12-8DA8-5D56C2A5A69A}"
                },
                {
                  "renderingName": "ContentBlock",
                  "placeholderKey": "/jss-main/jss-styleguide-layout-{34A6553C-81DE-5CD3-989E-853F6CB6DF8C}-0/jss-styleguide-section-{7DE41A1A-24E4-5963-8206-3BB0B7D9DD69}-0/jss-reuse-example-{3A5D9C50-D8C1-5A12-8DA8-5D56C2A5A69A}-0",
                  "placeholderName": "jss-reuse-example",
                  "dataSource": {
                    "template": "ContentBlock",
                    "fields": [
                      {
                        "name": "content",
                        "value": "<p>Lorem ipsum dolor sit amet, consectetur adipiscing elit. Quisque felis mauris, pretium id neque vitae, vulputate pellentesque tortor. Mauris hendrerit dolor et ipsum lobortis bibendum non finibus neque. Morbi volutpat aliquam magna id posuere. Duis commodo cursus dui, nec interdum velit congue nec. Aliquam erat volutpat. Aliquam facilisis, sapien quis fringilla tincidunt, magna nulla feugiat neque, a consectetur arcu orci eu augue.</p>"
                      }
                    ],
                    "name": "LoremIpsumContentBlock",
                    "displayName": "Lorem Ipsum Dolor Sit Amet",
                    "resolvedFromItemId": "lorem-ipsum-content-block"
                  },
                  "renderingParams": [],
                  "uid": "{AA328B8A-D6E1-5B37-8143-250D2E93D6B8}"
                },
                {
                  "renderingName": "ContentBlock",
                  "placeholderKey": "/jss-main/jss-styleguide-layout-{34A6553C-81DE-5CD3-989E-853F6CB6DF8C}-0/jss-styleguide-section-{7DE41A1A-24E4-5963-8206-3BB0B7D9DD69}-0/jss-reuse-example-{3A5D9C50-D8C1-5A12-8DA8-5D56C2A5A69A}-0",
                  "placeholderName": "jss-reuse-example",
                  "dataSource": {
                    "template": "ContentBlock",
                    "fields": [
                      {
                        "name": "content",
                        "value": "<p>Lorem ipsum dolor sit amet, consectetur adipiscing elit. Quisque felis mauris, pretium id neque vitae, vulputate pellentesque tortor. Mauris hendrerit dolor et ipsum lobortis bibendum non finibus neque. Morbi volutpat aliquam magna id posuere. Duis commodo cursus dui, nec interdum velit congue nec. Aliquam erat volutpat. Aliquam facilisis, sapien quis fringilla tincidunt, magna nulla feugiat neque, a consectetur arcu orci eu augue.</p>"
                      }
                    ],
                    "name": "LoremIpsumContentBlock",
                    "displayName": "Lorem Ipsum Dolor Sit Amet",
                    "resolvedFromItemId": "lorem-ipsum-content-block"
                  },
                  "renderingParams": [],
                  "uid": "{C4330D34-623C-556C-BF4C-97C93D40FB1E}"
                },
                {
                  "renderingName": "ContentBlock",
                  "placeholderKey": "/jss-main/jss-styleguide-layout-{34A6553C-81DE-5CD3-989E-853F6CB6DF8C}-0/jss-styleguide-section-{7DE41A1A-24E4-5963-8206-3BB0B7D9DD69}-0/jss-reuse-example-{3A5D9C50-D8C1-5A12-8DA8-5D56C2A5A69A}-0",
                  "placeholderName": "jss-reuse-example",
                  "dataSource": {
                    "template": "ContentBlock",
                    "name": "styleguide-jss-reuse-example-3A5D9C50-D8C1-5A12-8DA8-5D56C2A5A69A-0-ContentBlock-3",
                    "displayName": "ContentBlock-3",
                    "fields": [
                      {
                        "name": "content",
                        "value": "<p>Lorem ipsum dolor sit amet, consectetur adipiscing elit. Quisque felis mauris, pretium id neque vitae, vulputate pellentesque tortor. Mauris hendrerit dolor et ipsum lobortis bibendum non finibus neque. Morbi volutpat aliquam magna id posuere. Duis commodo cursus dui, nec interdum velit congue nec. Aliquam erat volutpat. Aliquam facilisis, sapien quis fringilla tincidunt, magna nulla feugiat neque, a consectetur arcu orci eu augue.</p>"
                      }
                    ],
                    "resolvedFromItemId": "lorem-ipsum-content-block",
                    "copy": true
                  },
                  "renderingParams": [],
                  "uid": "{A42D8B1C-193D-5627-9130-F7F7F87617F1}",
                  "displayName": "Lorem Ipsum Dolor Sit Amet",
                  "name": "LoremIpsumContentBlock"
                },
                {
                  "renderingName": "ContentBlock",
                  "placeholderKey": "/jss-main/jss-styleguide-layout-{34A6553C-81DE-5CD3-989E-853F6CB6DF8C}-0/jss-styleguide-section-{7DE41A1A-24E4-5963-8206-3BB0B7D9DD69}-0/jss-reuse-example-{3A5D9C50-D8C1-5A12-8DA8-5D56C2A5A69A}-0",
                  "placeholderName": "jss-reuse-example",
                  "dataSource": {
                    "name": "styleguide-jss-reuse-example-3A5D9C50-D8C1-5A12-8DA8-5D56C2A5A69A-0-ContentBlock-4",
                    "displayName": "ContentBlock-4",
                    "template": "ContentBlock",
                    "fields": [
                      {
                        "name": "content",
                        "value": "<p>Mix and match reused and local content. Check out <code>/data/routes/styleguide/en.yml</code> to see how.</p>"
                      }
                    ]
                  },
                  "renderingParams": [],
                  "uid": "{0F4CB47A-979E-5139-B50B-A8E40C73C236}"
                },
                {
                  "renderingName": "Styleguide-Layout-Tabs",
                  "placeholderKey": "/jss-main/jss-styleguide-layout-{34A6553C-81DE-5CD3-989E-853F6CB6DF8C}-0/jss-styleguide-section-{7DE41A1A-24E4-5963-8206-3BB0B7D9DD69}-0",
                  "placeholderName": "jss-styleguide-section",
                  "dataSource": {
                    "name": "styleguide-jss-styleguide-section-7DE41A1A-24E4-5963-8206-3BB0B7D9DD69-0-Styleguide-Layout-Tabs-2",
                    "displayName": "Styleguide-Layout-Tabs-2",
                    "template": "Styleguide-Layout-Tabs",
                    "fields": [
                      {
                        "name": "heading",
                        "value": "Tabs"
                      },
                      {
                        "name": "description",
                        "value": "<p>Creating hierarchical components like tabs is made simpler in JSS because it's easy to introspect the layout structure.</p>"
                      }
                    ]
                  },
                  "renderingParams": [],
                  "uid": "{538E4831-F157-50BB-AC74-277FCAC9FDDB}"
                },
                {
                  "renderingName": "Styleguide-Layout-Tabs-Tab",
                  "placeholderKey": "/jss-main/jss-styleguide-layout-{34A6553C-81DE-5CD3-989E-853F6CB6DF8C}-0/jss-styleguide-section-{7DE41A1A-24E4-5963-8206-3BB0B7D9DD69}-0/jss-tabs-{538E4831-F157-50BB-AC74-277FCAC9FDDB}-0",
                  "placeholderName": "jss-tabs",
                  "dataSource": {
                    "name": "styleguide-jss-tabs-538E4831-F157-50BB-AC74-277FCAC9FDDB-0-Styleguide-Layout-Tabs-Tab-1",
                    "displayName": "Styleguide-Layout-Tabs-Tab-1",
                    "template": "Styleguide-Layout-Tabs-Tab",
                    "fields": [
                      {
                        "name": "title",
                        "value": "Tab 1"
                      },
                      {
                        "name": "content",
                        "value": "<p>Tab 1 contents!</p>"
                      }
                    ]
                  },
                  "renderingParams": [],
                  "uid": "{7ECB2ED2-AC9B-58D1-8365-10CA74824AF7}"
                },
                {
                  "renderingName": "Styleguide-Layout-Tabs-Tab",
                  "placeholderKey": "/jss-main/jss-styleguide-layout-{34A6553C-81DE-5CD3-989E-853F6CB6DF8C}-0/jss-styleguide-section-{7DE41A1A-24E4-5963-8206-3BB0B7D9DD69}-0/jss-tabs-{538E4831-F157-50BB-AC74-277FCAC9FDDB}-0",
                  "placeholderName": "jss-tabs",
                  "dataSource": {
                    "name": "styleguide-jss-tabs-538E4831-F157-50BB-AC74-277FCAC9FDDB-0-Styleguide-Layout-Tabs-Tab-2",
                    "displayName": "Styleguide-Layout-Tabs-Tab-2",
                    "template": "Styleguide-Layout-Tabs-Tab",
                    "fields": [
                      {
                        "name": "title",
                        "value": "Tab 2"
                      },
                      {
                        "name": "content",
                        "value": "<p>Tab 2 contents!</p>"
                      }
                    ]
                  },
                  "renderingParams": [],
                  "uid": "{AFD64900-0A61-50EB-A674-A7A884E0D496}"
                },
                {
                  "renderingName": "Styleguide-Layout-Tabs-Tab",
                  "placeholderKey": "/jss-main/jss-styleguide-layout-{34A6553C-81DE-5CD3-989E-853F6CB6DF8C}-0/jss-styleguide-section-{7DE41A1A-24E4-5963-8206-3BB0B7D9DD69}-0/jss-tabs-{538E4831-F157-50BB-AC74-277FCAC9FDDB}-0",
                  "placeholderName": "jss-tabs",
                  "dataSource": {
                    "name": "styleguide-jss-tabs-538E4831-F157-50BB-AC74-277FCAC9FDDB-0-Styleguide-Layout-Tabs-Tab-3",
                    "displayName": "Styleguide-Layout-Tabs-Tab-3",
                    "template": "Styleguide-Layout-Tabs-Tab",
                    "fields": [
                      {
                        "name": "title",
                        "value": "Tab 3"
                      },
                      {
                        "name": "content",
                        "value": "<p>Tab 3 contents!</p>"
                      }
                    ]
                  },
                  "renderingParams": [],
                  "uid": "{44C12983-3A84-5462-84C0-6CA1430050C8}"
                },
                {
                  "renderingName": "Styleguide-Section",
                  "placeholderKey": "/jss-main/jss-styleguide-layout-{34A6553C-81DE-5CD3-989E-853F6CB6DF8C}-0",
                  "placeholderName": "jss-styleguide-layout",
                  "dataSource": {
                    "name": "styleguide-jss-styleguide-layout-34A6553C-81DE-5CD3-989E-853F6CB6DF8C-0-Styleguide-Section-3",
                    "displayName": "Styleguide-Section-3",
                    "template": "Styleguide-Section",
                    "fields": [
                      {
                        "name": "heading",
                        "value": "Sitecore Patterns"
                      }
                    ]
                  },
                  "renderingParams": [],
                  "uid": "{2D806C25-DD46-51E3-93DE-63CF9035122C}"
                },
                {
                  "renderingName": "Styleguide-SitecoreContext",
                  "placeholderKey": "/jss-main/jss-styleguide-layout-{34A6553C-81DE-5CD3-989E-853F6CB6DF8C}-0/jss-styleguide-section-{2D806C25-DD46-51E3-93DE-63CF9035122C}-0",
                  "placeholderName": "jss-styleguide-section",
                  "dataSource": {
                    "name": "styleguide-jss-styleguide-section-2D806C25-DD46-51E3-93DE-63CF9035122C-0-Styleguide-SitecoreContext-1",
                    "displayName": "Styleguide-SitecoreContext-1",
                    "template": "Styleguide-SitecoreContext",
                    "fields": [
                      {
                        "name": "heading",
                        "value": "Sitecore Context"
                      },
                      {
                        "name": "description",
                        "value": "<p><small>The Sitecore Context contains route-level data about the current context - for example, <code>pageState</code> enables conditionally executing code based on whether Sitecore is in Experience Editor or not.</small></p>"
                      }
                    ]
                  },
                  "renderingParams": [],
                  "uid": "{471FA16A-BB82-5C42-9C95-E7EAB1E3BD30}"
                },
                {
                  "renderingName": "Styleguide-RouteFields",
                  "placeholderKey": "/jss-main/jss-styleguide-layout-{34A6553C-81DE-5CD3-989E-853F6CB6DF8C}-0/jss-styleguide-section-{2D806C25-DD46-51E3-93DE-63CF9035122C}-0",
                  "placeholderName": "jss-styleguide-section",
                  "dataSource": {
                    "name": "styleguide-jss-styleguide-section-2D806C25-DD46-51E3-93DE-63CF9035122C-0-Styleguide-RouteFields-2",
                    "displayName": "Styleguide-RouteFields-2",
                    "template": "Styleguide-RouteFields",
                    "fields": [
                      {
                        "name": "heading",
                        "value": "Route-level Fields"
                      },
                      {
                        "name": "description",
                        "value": "<p><small>Route-level content fields are defined on the <em>route</em> instead of on a <em>component</em>. This allows multiple components to share the field data on the same route - and querying is much easier on route level fields, making <em>custom route types</em> ideal for filterable/queryable data such as articles.</small></p>"
                      }
                    ]
                  },
                  "renderingParams": [],
                  "uid": "{21F21053-8F8A-5436-BC79-E674E246A2FC}"
                },
                {
                  "renderingName": "Styleguide-ComponentParams",
                  "placeholderKey": "/jss-main/jss-styleguide-layout-{34A6553C-81DE-5CD3-989E-853F6CB6DF8C}-0/jss-styleguide-section-{2D806C25-DD46-51E3-93DE-63CF9035122C}-0",
                  "placeholderName": "jss-styleguide-section",
                  "dataSource": {
                    "name": "styleguide-jss-styleguide-section-2D806C25-DD46-51E3-93DE-63CF9035122C-0-Styleguide-ComponentParams-3",
                    "displayName": "Styleguide-ComponentParams-3",
                    "template": "Styleguide-ComponentParams",
                    "fields": [
                      {
                        "name": "heading",
                        "value": "Component Params"
                      },
                      {
                        "name": "description",
                        "value": "<p><small>Component params (also called Rendering Parameters) allow storing non-content parameters for a component. These params should be used for more technical options such as CSS class names or structural settings.</small></p>"
                      }
                    ]
                  },
                  "renderingParams": [
                    {
                      "name": "cssClass",
                      "value": "alert alert-success"
                    },
                    {
                      "name": "columns",
                      "value": 5
                    },
                    {
                      "name": "useCallToAction",
                      "value": true
                    }
                  ],
                  "uid": "{A0A66136-C21F-52E8-A2EA-F04DCFA6A027}"
                },
                {
                  "renderingName": "Styleguide-Section",
                  "placeholderKey": "/jss-main/jss-styleguide-layout-{34A6553C-81DE-5CD3-989E-853F6CB6DF8C}-0",
                  "placeholderName": "jss-styleguide-layout",
                  "dataSource": {
                    "name": "styleguide-jss-styleguide-layout-34A6553C-81DE-5CD3-989E-853F6CB6DF8C-0-Styleguide-Section-4",
                    "displayName": "Styleguide-Section-4",
                    "template": "Styleguide-Section",
                    "fields": [
                      {
                        "name": "heading",
                        "value": "Multilingual Patterns"
                      }
                    ]
                  },
                  "renderingParams": [],
                  "uid": "{66AF8F03-0B52-5425-A6AF-6FB54F2D64D9}"
                },
                {
                  "renderingName": "Styleguide-Multilingual",
                  "placeholderKey": "/jss-main/jss-styleguide-layout-{34A6553C-81DE-5CD3-989E-853F6CB6DF8C}-0/jss-styleguide-section-{66AF8F03-0B52-5425-A6AF-6FB54F2D64D9}-0",
                  "placeholderName": "jss-styleguide-section",
                  "dataSource": {
                    "name": "styleguide-jss-styleguide-section-66AF8F03-0B52-5425-A6AF-6FB54F2D64D9-0-Styleguide-Multilingual-1",
                    "displayName": "Styleguide-Multilingual-1",
                    "template": "Styleguide-Multilingual",
                    "fields": [
                      {
                        "name": "heading",
                        "value": "Translation Patterns"
                      },
                      {
                        "name": "sample",
                        "value": "This text can be translated in en.yml"
                      }
                    ]
                  },
                  "renderingParams": [],
                  "uid": "{CF1B5D2B-C949-56E7-9594-66AFACEACA9D}"
                }
              ],
              "placeholders": [
                "jss-main",
                "jss-styleguide-layout",
                "jss-styleguide-section",
                "jss-header",
                "jss-styleguide-section",
                "jss-reuse-example",
                "jss-tabs",
                "jss-styleguide-section",
                "jss-styleguide-section"
              ]
            },
            "fields": [
              {
                "name": "pageTitle",
                "value": "Styleguide | Sitecore JSS"
              }
            ],
            "children": [
              {
                "template": "ExampleCustomRouteType",
                "name": "custom-route-type",
                "layout": {
                  "renderings": [
                    {
                      "renderingName": "Styleguide-CustomRouteType",
                      "placeholderKey": "/jss-main",
                      "placeholderName": "jss-main",
                      "dataSource": {
                        "name": "custom-route-type-jss-main-Styleguide-CustomRouteType-1",
                        "displayName": "Styleguide-CustomRouteType-1",
                        "template": "Styleguide-CustomRouteType",
                        "fields": []
                      },
                      "renderingParams": [],
                      "uid": "{621128A6-CC4D-5287-8ED6-E4A89A7DBBDB}"
                    }
                  ],
                  "placeholders": [
                    "jss-main"
                  ]
                },
                "fields": [
                  {
                    "name": "pageTitle",
                    "value": "Custom Route Type | Sitecore JSS"
                  },
                  {
                    "name": "headline",
                    "value": "A Treatise on Route-Level Fields in JSS"
                  },
                  {
                    "name": "author",
                    "value": "Myrtle"
                  },
                  {
                    "name": "content",
                    "value": "<p>Custom route type fields are good for things like articles, where you may wish to have a filter UI on content fields, such as author or category. Route level fields are easy to query against, whereas component-level fields are not because it's possible to remove a component from a route. Note that route level fields <em>cannot be personalized</em> because you cannot conditionally swap out the route item for a different content item.</p>"
                  }
                ]
              }
            ]
          }
        ]
      }
    ],
    "nonRoutes": [
      {
        "name": "Components",
        "displayName": "Components",
        "template": "Folder",
        "children": [
          {
            "name": "Styleguide",
            "displayName": "Styleguide",
            "template": "Folder",
            "children": [
              {
                "name": "ContentReuse",
                "displayName": "ContentReuse",
                "template": "Folder",
                "children": [
                  {
                    "id": "lorem-ipsum-content-block",
                    "displayName": "Lorem Ipsum Dolor Sit Amet",
                    "fields": [
                      {
                        "name": "content",
                        "value": "<p>Lorem ipsum dolor sit amet, consectetur adipiscing elit. Quisque felis mauris, pretium id neque vitae, vulputate pellentesque tortor. Mauris hendrerit dolor et ipsum lobortis bibendum non finibus neque. Morbi volutpat aliquam magna id posuere. Duis commodo cursus dui, nec interdum velit congue nec. Aliquam erat volutpat. Aliquam facilisis, sapien quis fringilla tincidunt, magna nulla feugiat neque, a consectetur arcu orci eu augue.</p>"
                      }
                    ],
                    "name": "LoremIpsumContentBlock",
                    "template": "ContentBlock"
                  }
                ]
              }
            ]
          }
        ]
      },
      {
        "name": "Content",
        "displayName": "Content",
        "template": "Folder",
        "children": [
          {
            "name": "Styleguide",
            "displayName": "Styleguide",
            "template": "Folder",
            "children": [
              {
                "name": "ContentListField",
                "displayName": "ContentListField",
                "template": "Folder",
                "children": [
                  {
                    "id": "styleguide-content-list-field-shared-1",
                    "displayName": "Styleguide Content List Item 1 (Shared)",
                    "template": "Styleguide-ContentList-Item-Template",
                    "fields": [
                      {
                        "name": "textField",
                        "value": "ContentList Demo (Shared) Item 1 Text Field"
                      }
                    ],
                    "name": "Item1"
                  },
                  {
                    "id": "styleguide-content-list-field-shared-2",
                    "displayName": "Styleguide Content List Item 2 (Shared)",
                    "template": "Styleguide-ContentList-Item-Template",
                    "fields": [
                      {
                        "name": "textField",
                        "value": "ContentList Demo (Shared) Item 2 Text Field"
                      }
                    ],
                    "name": "Item2"
                  }
                ]
              },
              {
                "name": "ItemLinkField",
                "displayName": "ItemLinkField",
                "template": "Folder",
                "children": [
                  {
                    "id": "styleguide-item-link-field-shared-1",
                    "displayName": "Styleguide Item Link Item 1 (Shared)",
                    "template": "Styleguide-ItemLink-Item-Template",
                    "fields": [
                      {
                        "name": "textField",
                        "value": "ItemLink Demo (Shared) Item 1 Text Field"
                      }
                    ],
                    "name": "Item1"
                  },
                  {
                    "id": "styleguide-item-link-field-shared-2",
                    "displayName": "Styleguide Item Link Item 2 (Shared)",
                    "template": "Styleguide-ItemLink-Item-Template",
                    "fields": [
                      {
                        "name": "textField",
                        "value": "ItemLink Demo (Shared) Item 2 Text Field"
                      }
                    ],
                    "name": "Item2"
                  }
                ]
              }
            ]
          }
        ]
      }
    ]
  },
  "dictionary": [
    {
      "key": "styleguide-sample",
      "value": "This is a dictionary entry in English as a demonstration"
    },
    {
      "key": "Documentation",
      "value": "Documentation"
    },
    {
      "key": "Styleguide",
      "value": "Styleguide"
    },
    {
      "key": "GraphQL",
      "value": "GraphQL"
    }
  ]
}
